C67,/hpcfs/users/a1667917/Staph_Final_Assemblies/Complete_Assembly_Output/CHROMOSOME/C67.fasta,/hpcfs/users/a1667917/Staph_Final_Assemblies/Complete_Assembly_Output/PLASSEMBLER_FASTAS/C67.fasta,/hpcfs/users/a1667917/Staph_Final_Assemblies/Complete_Assembly_Output/TMP/FASTP/C67_1.fastq.gz,/hpcfs/users/a1667917/Staph_Final_Assemblies/Complete_Assembly_Output/TMP/FASTP/C67_2.fastq.gz
BEL_31,/hpcfs/users/a1667917/Staph_Final_Assemblies/Complete_Assembly_Output/CHROMOSOME/BEL_31.fasta,None,/hpcfs/users/a1667917/Staph_Final_Assemblies/Complete_Assembly_Output/TMP/FASTP/BEL_31_1.fastq.gz,/hpcfs/users/a1667917/Staph_Final_Assemblies/Complete_Assembly_Output/TMP/FASTP/BEL_31_2.fastq.gz
C331,/hpcfs/users/a1667917/Staph_Final_Assemblies/Complete_Assembly_Output/CHROMOSOME/C331.fasta,/hpcfs/users/a1667917/Staph_Final_Assemblies/Complete_Assembly_Output/PLASSEMBLER_FASTAS/C331.fasta,/hpcfs/users/a1667917/Staph_Final_Assemblies/Complete_Assembly_Output/TMP/FASTP/C331_1.fastq.gz,/hpcfs/users/a1667917/Staph_Final_Assemblies/Complete_Assembly_Output/TMP/FASTP/C331_2.fastq.gz
C236,/hpcfs/users/a1667917/Staph_Final_Assemblies/Complete_Assembly_Output/CHROMOSOME/C236.fasta,/hpcfs/users/a1667917/Staph_Final_Assemblies/Complete_Assembly_Output/PLASSEMBLER_FASTAS/C236.fasta,/hpcfs/users/a1667917/Staph_Final_Assemblies/Complete_Assembly_Output/TMP/FASTP/C236_1.fastq.gz,/hpcfs/users/a1667917/Staph_Final_Assemblies/Complete_Assembly_Output/TMP/FASTP/C236_2.fastq.gz
C222,/hpcfs/users/a1667917/Staph_Final_Assemblies/Complete_Assembly_Output/CHROMOSOME/C222.fasta,/hpcfs/users/a1667917/Staph_Final_Assemblies/Complete_Assembly_Output/PLASSEMBLER_FASTAS/C222.fasta,/hpcfs/users/a1667917/Staph_Final_Assemblies/Complete_Assembly_Output/TMP/FASTP/C222_1.fastq.gz,/hpcfs/users/a1667917/Staph_Final_Assemblies/Complete_Assembly_Output/TMP/FASTP/C222_2.fastq.gz
C113,/hpcfs/users/a1667917/Staph_Final_Assemblies/Complete_Assembly_Output/CHROMOSOME/C113.fasta,None,/hpcfs/users/a1667917/Staph_Final_Assemblies/Complete_Assembly_Output/TMP/FASTP/C113_1.fastq.gz,/hpcfs/users/a1667917/Staph_Final_Assemblies/Complete_Assembly_Output/TMP/FASTP/C113_2.fastq.gz
C24,/hpcfs/users/a1667917/Staph_Final_Assemblies/Complete_Assembly_Output/CHROMOSOME/C24.fasta,/hpcfs/users/a1667917/Staph_Final_Assemblies/Complete_Assembly_Output/PLASSEMBLER_FASTAS/C24.fasta,/hpcfs/users/a1667917/Staph_Final_Assemblies/Complete_Assembly_Output/TMP/FASTP/C24_1.fastq.gz,/hpcfs/users/a1667917/Staph_Final_Assemblies/Complete_Assembly_Output/TMP/FASTP/C24_2.fastq.gz
C333,/hpcfs/users/a1667917/Staph_Final_Assemblies/Complete_Assembly_Output/CHROMOSOME/C333.fasta,/hpcfs/users/a1667917/Staph_Final_Assemblies/Complete_Assembly_Output/PLASSEMBLER_FASTAS/C333.fasta,/hpcfs/users/a1667917/Staph_Final_Assemblies/Complete_Assembly_Output/TMP/FASTP/C333_1.fastq.gz,/hpcfs/users/a1667917/Staph_Final_Assemblies/Complete_Assembly_Output/TMP/FASTP/C333_2.fastq.gz
C868,/hpcfs/users/a1667917/Staph_Final_Assemblies/Complete_Assembly_Output/CHROMOSOME/C868.fasta,/hpcfs/users/a1667917/Staph_Final_Assemblies/Complete_Assembly_Output/PLASSEMBLER_FASTAS/C868.fasta,/hpcfs/users/a1667917/Staph_Final_Assemblies/Complete_Assembly_Output/TMP/FASTP/C868_1.fastq.gz,/hpcfs/users/a1667917/Staph_Final_Assemblies/Complete_Assembly_Output/TMP/FASTP/C868_2.fastq.gz
C13,/hpcfs/users/a1667917/Staph_Final_Assemblies/Complete_Assembly_Output/CHROMOSOME/C13.fasta,None,/hpcfs/users/a1667917/Staph_Final_Assemblies/Complete_Assembly_Output/TMP/FASTP/C13_1.fastq.gz,/hpcfs/users/a1667917/Staph_Final_Assemblies/Complete_Assembly_Output/TMP/FASTP/C13_2.fastq.gz
C148,/hpcfs/users/a1667917/Staph_Final_Assemblies/Complete_Assembly_Output/CHROMOSOME/C148.fasta,None,/hpcfs/users/a1667917/Staph_Final_Assemblies/Complete_Assembly_Output/TMP/FASTP/C148_1.fastq.gz,/hpcfs/users/a1667917/Staph_Final_Assemblies/Complete_Assembly_Output/TMP/FASTP/C148_2.fastq.gz
C149,/hpcfs/users/a1667917/Staph_Final_Assemblies/Complete_Assembly_Output/CHROMOSOME/C149.fasta,None,/hpcfs/users/a1667917/Staph_Final_Assemblies/Complete_Assembly_Output/TMP/FASTP/C149_1.fastq.gz,/hpcfs/users/a1667917/Staph_Final_Assemblies/Complete_Assembly_Output/TMP/FASTP/C149_2.fastq.gz
C154,/hpcfs/users/a1667917/Staph_Final_Assemblies/Complete_Assembly_Output/CHROMOSOME/C154.fasta,None,/hpcfs/users/a1667917/Staph_Final_Assemblies/Complete_Assembly_Output/TMP/FASTP/C154_1.fastq.gz,/hpcfs/users/a1667917/Staph_Final_Assemblies/Complete_Assembly_Output/TMP/FASTP/C154_2.fastq.gz
C155,/hpcfs/users/a1667917/Staph_Final_Assemblies/Complete_Assembly_Output/CHROMOSOME/C155.fasta,None,/hpcfs/users/a1667917/Staph_Final_Assemblies/Complete_Assembly_Output/TMP/FASTP/C155_1.fastq.gz,/hpcfs/users/a1667917/Staph_Final_Assemblies/Complete_Assembly_Output/TMP/FASTP/C155_2.fastq.gz
C167,/hpcfs/users/a1667917/Staph_Final_Assemblies/Complete_Assembly_Output/CHROMOSOME/C167.fasta,None,/hpcfs/users/a1667917/Staph_Final_Assemblies/Complete_Assembly_Output/TMP/FASTP/C167_1.fastq.gz,/hpcfs/users/a1667917/Staph_Final_Assemblies/Complete_Assembly_Output/TMP/FASTP/C167_2.fastq.gz
CRA_33,/hpcfs/users/a1667917/Staph_Final_Assemblies/Complete_Assembly_Output/CHROMOSOME/CRA_33.fasta,/hpcfs/users/a1667917/Staph_Final_Assemblies/Complete_Assembly_Output/PLASSEMBLER_FASTAS/CRA_33.fasta,/hpcfs/users/a1667917/Staph_Final_Assemblies/Complete_Assembly_Output/TMP/FASTP/CRA_33_1.fastq.gz,/hpcfs/users/a1667917/Staph_Final_Assemblies/Complete_Assembly_Output/TMP/FASTP/CRA_33_2.fastq.gz
C875,/hpcfs/users/a1667917/Staph_Final_Assemblies/Complete_Assembly_Output/CHROMOSOME/C875.fasta,/hpcfs/users/a1667917/Staph_Final_Assemblies/Complete_Assembly_Output/PLASSEMBLER_FASTAS/C875.fasta,/hpcfs/users/a1667917/Staph_Final_Assemblies/Complete_Assembly_Output/TMP/FASTP/C875_1.fastq.gz,/hpcfs/users/a1667917/Staph_Final_Assemblies/Complete_Assembly_Output/TMP/FASTP/C875_2.fastq.gz
C285,/hpcfs/users/a1667917/Staph_Final_Assemblies/Complete_Assembly_Output/CHROMOSOME/C285.fasta,/hpcfs/users/a1667917/Staph_Final_Assemblies/Complete_Assembly_Output/PLASSEMBLER_FASTAS/C285.fasta,/hpcfs/users/a1667917/Staph_Final_Assemblies/Complete_Assembly_Output/TMP/FASTP/C285_1.fastq.gz,/hpcfs/users/a1667917/Staph_Final_Assemblies/Complete_Assembly_Output/TMP/FASTP/C285_2.fastq.gz
C182,/hpcfs/users/a1667917/Staph_Final_Assemblies/Complete_Assembly_Output/CHROMOSOME/C182.fasta,None,/hpcfs/users/a1667917/Staph_Final_Assemblies/Complete_Assembly_Output/TMP/FASTP/C182_1.fastq.gz,/hpcfs/users/a1667917/Staph_Final_Assemblies/Complete_Assembly_Output/TMP/FASTP/C182_2.fastq.gz
C183,/hpcfs/users/a1667917/Staph_Final_Assemblies/Complete_Assembly_Output/CHROMOSOME/C183.fasta,None,/hpcfs/users/a1667917/Staph_Final_Assemblies/Complete_Assembly_Output/TMP/FASTP/C183_1.fastq.gz,/hpcfs/users/a1667917/Staph_Final_Assemblies/Complete_Assembly_Output/TMP/FASTP/C183_2.fastq.gz
C187,/hpcfs/users/a1667917/Staph_Final_Assemblies/Complete_Assembly_Output/CHROMOSOME/C187.fasta,None,/hpcfs/users/a1667917/Staph_Final_Assemblies/Complete_Assembly_Output/TMP/FASTP/C187_1.fastq.gz,/hpcfs/users/a1667917/Staph_Final_Assemblies/Complete_Assembly_Output/TMP/FASTP/C187_2.fastq.gz
KEL_40,/hpcfs/users/a1667917/Staph_Final_Assemblies/Complete_Assembly_Output/CHROMOSOME/KEL_40.fasta,/hpcfs/users/a1667917/Staph_Final_Assemblies/Complete_Assembly_Output/PLASSEMBLER_FASTAS/KEL_40.fasta,/hpcfs/users/a1667917/Staph_Final_Assemblies/Complete_Assembly_Output/TMP/FASTP/KEL_40_1.fastq.gz,/hpcfs/users/a1667917/Staph_Final_Assemblies/Complete_Assembly_Output/TMP/FASTP/KEL_40_2.fastq.gz
C314,/hpcfs/users/a1667917/Staph_Final_Assemblies/Complete_Assembly_Output/CHROMOSOME/C314.fasta,/hpcfs/users/a1667917/Staph_Final_Assemblies/Complete_Assembly_Output/PLASSEMBLER_FASTAS/C314.fasta,/hpcfs/users/a1667917/Staph_Final_Assemblies/Complete_Assembly_Output/TMP/FASTP/C314_1.fastq.gz,/hpcfs/users/a1667917/Staph_Final_Assemblies/Complete_Assembly_Output/TMP/FASTP/C314_2.fastq.gz
C194,/hpcfs/users/a1667917/Staph_Final_Assemblies/Complete_Assembly_Output/CHROMOSOME/C194.fasta,None,/hpcfs/users/a1667917/Staph_Final_Assemblies/Complete_Assembly_Output/TMP/FASTP/C194_1.fastq.gz,/hpcfs/users/a1667917/Staph_Final_Assemblies/Complete_Assembly_Output/TMP/FASTP/C194_2.fastq.gz
C871,/hpcfs/users/a1667917/Staph_Final_Assemblies/Complete_Assembly_Output/CHROMOSOME/C871.fasta,/hpcfs/users/a1667917/Staph_Final_Assemblies/Complete_Assembly_Output/PLASSEMBLER_FASTAS/C871.fasta,/hpcfs/users/a1667917/Staph_Final_Assemblies/Complete_Assembly_Output/TMP/FASTP/C871_1.fastq.gz,/hpcfs/users/a1667917/Staph_Final_Assemblies/Complete_Assembly_Output/TMP/FASTP/C871_2.fastq.gz
C196,/hpcfs/users/a1667917/Staph_Final_Assemblies/Complete_Assembly_Output/CHROMOSOME/C196.fasta,None,/hpcfs/users/a1667917/Staph_Final_Assemblies/Complete_Assembly_Output/TMP/FASTP/C196_1.fastq.gz,/hpcfs/users/a1667917/Staph_Final_Assemblies/Complete_Assembly_Output/TMP/FASTP/C196_2.fastq.gz
C862,/hpcfs/users/a1667917/Staph_Final_Assemblies/Complete_Assembly_Output/CHROMOSOME/C862.fasta,/hpcfs/users/a1667917/Staph_Final_Assemblies/Complete_Assembly_Output/PLASSEMBLER_FASTAS/C862.fasta,/hpcfs/users/a1667917/Staph_Final_Assemblies/Complete_Assembly_Output/TMP/FASTP/C862_1.fastq.gz,/hpcfs/users/a1667917/Staph_Final_Assemblies/Complete_Assembly_Output/TMP/FASTP/C862_2.fastq.gz
C19,/hpcfs/users/a1667917/Staph_Final_Assemblies/Complete_Assembly_Output/CHROMOSOME/C19.fasta,None,/hpcfs/users/a1667917/Staph_Final_Assemblies/Complete_Assembly_Output/TMP/FASTP/C19_1.fastq.gz,/hpcfs/users/a1667917/Staph_Final_Assemblies/Complete_Assembly_Output/TMP/FASTP/C19_2.fastq.gz
C206,/hpcfs/users/a1667917/Staph_Final_Assemblies/Complete_Assembly_Output/CHROMOSOME/C206.fasta,None,/hpcfs/users/a1667917/Staph_Final_Assemblies/Complete_Assembly_Output/TMP/FASTP/C206_1.fastq.gz,/hpcfs/users/a1667917/Staph_Final_Assemblies/Complete_Assembly_Output/TMP/FASTP/C206_2.fastq.gz
C16,/hpcfs/users/a1667917/Staph_Final_Assemblies/Complete_Assembly_Output/CHROMOSOME/C16.fasta,/hpcfs/users/a1667917/Staph_Final_Assemblies/Complete_Assembly_Output/PLASSEMBLER_FASTAS/C16.fasta,/hpcfs/users/a1667917/Staph_Final_Assemblies/Complete_Assembly_Output/TMP/FASTP/C16_1.fastq.gz,/hpcfs/users/a1667917/Staph_Final_Assemblies/Complete_Assembly_Output/TMP/FASTP/C16_2.fastq.gz
C72,/hpcfs/users/a1667917/Staph_Final_Assemblies/Complete_Assembly_Output/CHROMOSOME/C72.fasta,/hpcfs/users/a1667917/Staph_Final_Assemblies/Complete_Assembly_Output/PLASSEMBLER_FASTAS/C72.fasta,/hpcfs/users/a1667917/Staph_Final_Assemblies/Complete_Assembly_Output/TMP/FASTP/C72_1.fastq.gz,/hpcfs/users/a1667917/Staph_Final_Assemblies/Complete_Assembly_Output/TMP/FASTP/C72_2.fastq.gz
C21,/hpcfs/users/a1667917/Staph_Final_Assemblies/Complete_Assembly_Output/CHROMOSOME/C21.fasta,/hpcfs/users/a1667917/Staph_Final_Assemblies/Complete_Assembly_Output/PLASSEMBLER_FASTAS/C21.fasta,/hpcfs/users/a1667917/Staph_Final_Assemblies/Complete_Assembly_Output/TMP/FASTP/C21_1.fastq.gz,/hpcfs/users/a1667917/Staph_Final_Assemblies/Complete_Assembly_Output/TMP/FASTP/C21_2.fastq.gz
C70,/hpcfs/users/a1667917/Staph_Final_Assemblies/Complete_Assembly_Output/CHROMOSOME/C70.fasta,/hpcfs/users/a1667917/Staph_Final_Assemblies/Complete_Assembly_Output/PLASSEMBLER_FASTAS/C70.fasta,/hpcfs/users/a1667917/Staph_Final_Assemblies/Complete_Assembly_Output/TMP/FASTP/C70_1.fastq.gz,/hpcfs/users/a1667917/Staph_Final_Assemblies/Complete_Assembly_Output/TMP/FASTP/C70_2.fastq.gz
C325,/hpcfs/users/a1667917/Staph_Final_Assemblies/Complete_Assembly_Output/CHROMOSOME/C325.fasta,/hpcfs/users/a1667917/Staph_Final_Assemblies/Complete_Assembly_Output/PLASSEMBLER_FASTAS/C325.fasta,/hpcfs/users/a1667917/Staph_Final_Assemblies/Complete_Assembly_Output/TMP/FASTP/C325_1.fastq.gz,/hpcfs/users/a1667917/Staph_Final_Assemblies/Complete_Assembly_Output/TMP/FASTP/C325_2.fastq.gz
C224,/hpcfs/users/a1667917/Staph_Final_Assemblies/Complete_Assembly_Output/CHROMOSOME/C224.fasta,/hpcfs/users/a1667917/Staph_Final_Assemblies/Complete_Assembly_Output/PLASSEMBLER_FASTAS/C224.fasta,/hpcfs/users/a1667917/Staph_Final_Assemblies/Complete_Assembly_Output/TMP/FASTP/C224_1.fastq.gz,/hpcfs/users/a1667917/Staph_Final_Assemblies/Complete_Assembly_Output/TMP/FASTP/C224_2.fastq.gz
C319,/hpcfs/users/a1667917/Staph_Final_Assemblies/Complete_Assembly_Output/CHROMOSOME/C319.fasta,/hpcfs/users/a1667917/Staph_Final_Assemblies/Complete_Assembly_Output/PLASSEMBLER_FASTAS/C319.fasta,/hpcfs/users/a1667917/Staph_Final_Assemblies/Complete_Assembly_Output/TMP/FASTP/C319_1.fastq.gz,/hpcfs/users/a1667917/Staph_Final_Assemblies/Complete_Assembly_Output/TMP/FASTP/C319_2.fastq.gz
C22,/hpcfs/users/a1667917/Staph_Final_Assemblies/Complete_Assembly_Output/CHROMOSOME/C22.fasta,None,/hpcfs/users/a1667917/Staph_Final_Assemblies/Complete_Assembly_Output/TMP/FASTP/C22_1.fastq.gz,/hpcfs/users/a1667917/Staph_Final_Assemblies/Complete_Assembly_Output/TMP/FASTP/C22_2.fastq.gz
C230,/hpcfs/users/a1667917/Staph_Final_Assemblies/Complete_Assembly_Output/CHROMOSOME/C230.fasta,None,/hpcfs/users/a1667917/Staph_Final_Assemblies/Complete_Assembly_Output/TMP/FASTP/C230_1.fastq.gz,/hpcfs/users/a1667917/Staph_Final_Assemblies/Complete_Assembly_Output/TMP/FASTP/C230_2.fastq.gz
C233,/hpcfs/users/a1667917/Staph_Final_Assemblies/Complete_Assembly_Output/CHROMOSOME/C233.fasta,None,/hpcfs/users/a1667917/Staph_Final_Assemblies/Complete_Assembly_Output/TMP/FASTP/C233_1.fastq.gz,/hpcfs/users/a1667917/Staph_Final_Assemblies/Complete_Assembly_Output/TMP/FASTP/C233_2.fastq.gz
C235,/hpcfs/users/a1667917/Staph_Final_Assemblies/Complete_Assembly_Output/CHROMOSOME/C235.fasta,None,/hpcfs/users/a1667917/Staph_Final_Assemblies/Complete_Assembly_Output/TMP/FASTP/C235_1.fastq.gz,/hpcfs/users/a1667917/Staph_Final_Assemblies/Complete_Assembly_Output/TMP/FASTP/C235_2.fastq.gz
C349,/hpcfs/users/a1667917/Staph_Final_Assemblies/Complete_Assembly_Output/CHROMOSOME/C349.fasta,/hpcfs/users/a1667917/Staph_Final_Assemblies/Complete_Assembly_Output/PLASSEMBLER_FASTAS/C349.fasta,/hpcfs/users/a1667917/Staph_Final_Assemblies/Complete_Assembly_Output/TMP/FASTP/C349_1.fastq.gz,/hpcfs/users/a1667917/Staph_Final_Assemblies/Complete_Assembly_Output/TMP/FASTP/C349_2.fastq.gz
C239,/hpcfs/users/a1667917/Staph_Final_Assemblies/Complete_Assembly_Output/CHROMOSOME/C239.fasta,None,/hpcfs/users/a1667917/Staph_Final_Assemblies/Complete_Assembly_Output/TMP/FASTP/C239_1.fastq.gz,/hpcfs/users/a1667917/Staph_Final_Assemblies/Complete_Assembly_Output/TMP/FASTP/C239_2.fastq.gz
C240,/hpcfs/users/a1667917/Staph_Final_Assemblies/Complete_Assembly_Output/CHROMOSOME/C240.fasta,None,/hpcfs/users/a1667917/Staph_Final_Assemblies/Complete_Assembly_Output/TMP/FASTP/C240_1.fastq.gz,/hpcfs/users/a1667917/Staph_Final_Assemblies/Complete_Assembly_Output/TMP/FASTP/C240_2.fastq.gz
FIE_6,/hpcfs/users/a1667917/Staph_Final_Assemblies/Complete_Assembly_Output/CHROMOSOME/FIE_6.fasta,/hpcfs/users/a1667917/Staph_Final_Assemblies/Complete_Assembly_Output/PLASSEMBLER_FASTAS/FIE_6.fasta,/hpcfs/users/a1667917/Staph_Final_Assemblies/Complete_Assembly_Output/TMP/FASTP/FIE_6_1.fastq.gz,/hpcfs/users/a1667917/Staph_Final_Assemblies/Complete_Assembly_Output/TMP/FASTP/FIE_6_2.fastq.gz
C243,/hpcfs/users/a1667917/Staph_Final_Assemblies/Complete_Assembly_Output/CHROMOSOME/C243.fasta,None,/hpcfs/users/a1667917/Staph_Final_Assemblies/Complete_Assembly_Output/TMP/FASTP/C243_1.fastq.gz,/hpcfs/users/a1667917/Staph_Final_Assemblies/Complete_Assembly_Output/TMP/FASTP/C243_2.fastq.gz
C312,/hpcfs/users/a1667917/Staph_Final_Assemblies/Complete_Assembly_Output/CHROMOSOME/C312.fasta,/hpcfs/users/a1667917/Staph_Final_Assemblies/Complete_Assembly_Output/PLASSEMBLER_FASTAS/C312.fasta,/hpcfs/users/a1667917/Staph_Final_Assemblies/Complete_Assembly_Output/TMP/FASTP/C312_1.fastq.gz,/hpcfs/users/a1667917/Staph_Final_Assemblies/Complete_Assembly_Output/TMP/FASTP/C312_2.fastq.gz
C245,/hpcfs/users/a1667917/Staph_Final_Assemblies/Complete_Assembly_Output/CHROMOSOME/C245.fasta,None,/hpcfs/users/a1667917/Staph_Final_Assemblies/Complete_Assembly_Output/TMP/FASTP/C245_1.fastq.gz,/hpcfs/users/a1667917/Staph_Final_Assemblies/Complete_Assembly_Output/TMP/FASTP/C245_2.fastq.gz
C863,/hpcfs/users/a1667917/Staph_Final_Assemblies/Complete_Assembly_Output/CHROMOSOME/C863.fasta,/hpcfs/users/a1667917/Staph_Final_Assemblies/Complete_Assembly_Output/PLASSEMBLER_FASTAS/C863.fasta,/hpcfs/users/a1667917/Staph_Final_Assemblies/Complete_Assembly_Output/TMP/FASTP/C863_1.fastq.gz,/hpcfs/users/a1667917/Staph_Final_Assemblies/Complete_Assembly_Output/TMP/FASTP/C863_2.fastq.gz
C884,/hpcfs/users/a1667917/Staph_Final_Assemblies/Complete_Assembly_Output/CHROMOSOME/C884.fasta,/hpcfs/users/a1667917/Staph_Final_Assemblies/Complete_Assembly_Output/PLASSEMBLER_FASTAS/C884.fasta,/hpcfs/users/a1667917/Staph_Final_Assemblies/Complete_Assembly_Output/TMP/FASTP/C884_1.fastq.gz,/hpcfs/users/a1667917/Staph_Final_Assemblies/Complete_Assembly_Output/TMP/FASTP/C884_2.fastq.gz
BLAC_32,/hpcfs/users/a1667917/Staph_Final_Assemblies/Complete_Assembly_Output/CHROMOSOME/BLAC_32.fasta,/hpcfs/users/a1667917/Staph_Final_Assemblies/Complete_Assembly_Output/PLASSEMBLER_FASTAS/BLAC_32.fasta,/hpcfs/users/a1667917/Staph_Final_Assemblies/Complete_Assembly_Output/TMP/FASTP/BLAC_32_1.fastq.gz,/hpcfs/users/a1667917/Staph_Final_Assemblies/Complete_Assembly_Output/TMP/FASTP/BLAC_32_2.fastq.gz
C289,/hpcfs/users/a1667917/Staph_Final_Assemblies/Complete_Assembly_Output/CHROMOSOME/C289.fasta,/hpcfs/users/a1667917/Staph_Final_Assemblies/Complete_Assembly_Output/PLASSEMBLER_FASTAS/C289.fasta,/hpcfs/users/a1667917/Staph_Final_Assemblies/Complete_Assembly_Output/TMP/FASTP/C289_1.fastq.gz,/hpcfs/users/a1667917/Staph_Final_Assemblies/Complete_Assembly_Output/TMP/FASTP/C289_2.fastq.gz
C259,/hpcfs/users/a1667917/Staph_Final_Assemblies/Complete_Assembly_Output/CHROMOSOME/C259.fasta,None,/hpcfs/users/a1667917/Staph_Final_Assemblies/Complete_Assembly_Output/TMP/FASTP/C259_1.fastq.gz,/hpcfs/users/a1667917/Staph_Final_Assemblies/Complete_Assembly_Output/TMP/FASTP/C259_2.fastq.gz
C870,/hpcfs/users/a1667917/Staph_Final_Assemblies/Complete_Assembly_Output/CHROMOSOME/C870.fasta,/hpcfs/users/a1667917/Staph_Final_Assemblies/Complete_Assembly_Output/PLASSEMBLER_FASTAS/C870.fasta,/hpcfs/users/a1667917/Staph_Final_Assemblies/Complete_Assembly_Output/TMP/FASTP/C870_1.fastq.gz,/hpcfs/users/a1667917/Staph_Final_Assemblies/Complete_Assembly_Output/TMP/FASTP/C870_2.fastq.gz
C878,/hpcfs/users/a1667917/Staph_Final_Assemblies/Complete_Assembly_Output/CHROMOSOME/C878.fasta,/hpcfs/users/a1667917/Staph_Final_Assemblies/Complete_Assembly_Output/PLASSEMBLER_FASTAS/C878.fasta,/hpcfs/users/a1667917/Staph_Final_Assemblies/Complete_Assembly_Output/TMP/FASTP/C878_1.fastq.gz,/hpcfs/users/a1667917/Staph_Final_Assemblies/Complete_Assembly_Output/TMP/FASTP/C878_2.fastq.gz
C265,/hpcfs/users/a1667917/Staph_Final_Assemblies/Complete_Assembly_Output/CHROMOSOME/C265.fasta,None,/hpcfs/users/a1667917/Staph_Final_Assemblies/Complete_Assembly_Output/TMP/FASTP/C265_1.fastq.gz,/hpcfs/users/a1667917/Staph_Final_Assemblies/Complete_Assembly_Output/TMP/FASTP/C265_2.fastq.gz
C267,/hpcfs/users/a1667917/Staph_Final_Assemblies/Complete_Assembly_Output/CHROMOSOME/C267.fasta,None,/hpcfs/users/a1667917/Staph_Final_Assemblies/Complete_Assembly_Output/TMP/FASTP/C267_1.fastq.gz,/hpcfs/users/a1667917/Staph_Final_Assemblies/Complete_Assembly_Output/TMP/FASTP/C267_2.fastq.gz
C256,/hpcfs/users/a1667917/Staph_Final_Assemblies/Complete_Assembly_Output/CHROMOSOME/C256.fasta,/hpcfs/users/a1667917/Staph_Final_Assemblies/Complete_Assembly_Output/PLASSEMBLER_FASTAS/C256.fasta,/hpcfs/users/a1667917/Staph_Final_Assemblies/Complete_Assembly_Output/TMP/FASTP/C256_1.fastq.gz,/hpcfs/users/a1667917/Staph_Final_Assemblies/Complete_Assembly_Output/TMP/FASTP/C256_2.fastq.gz
C64,/hpcfs/users/a1667917/Staph_Final_Assemblies/Complete_Assembly_Output/CHROMOSOME/C64.fasta,/hpcfs/users/a1667917/Staph_Final_Assemblies/Complete_Assembly_Output/PLASSEMBLER_FASTAS/C64.fasta,/hpcfs/users/a1667917/Staph_Final_Assemblies/Complete_Assembly_Output/TMP/FASTP/C64_1.fastq.gz,/hpcfs/users/a1667917/Staph_Final_Assemblies/Complete_Assembly_Output/TMP/FASTP/C64_2.fastq.gz
C276,/hpcfs/users/a1667917/Staph_Final_Assemblies/Complete_Assembly_Output/CHROMOSOME/C276.fasta,None,/hpcfs/users/a1667917/Staph_Final_Assemblies/Complete_Assembly_Output/TMP/FASTP/C276_1.fastq.gz,/hpcfs/users/a1667917/Staph_Final_Assemblies/Complete_Assembly_Output/TMP/FASTP/C276_2.fastq.gz
C207,/hpcfs/users/a1667917/Staph_Final_Assemblies/Complete_Assembly_Output/CHROMOSOME/C207.fasta,/hpcfs/users/a1667917/Staph_Final_Assemblies/Complete_Assembly_Output/PLASSEMBLER_FASTAS/C207.fasta,/hpcfs/users/a1667917/Staph_Final_Assemblies/Complete_Assembly_Output/TMP/FASTP/C207_1.fastq.gz,/hpcfs/users/a1667917/Staph_Final_Assemblies/Complete_Assembly_Output/TMP/FASTP/C207_2.fastq.gz
C286,/hpcfs/users/a1667917/Staph_Final_Assemblies/Complete_Assembly_Output/CHROMOSOME/C286.fasta,None,/hpcfs/users/a1667917/Staph_Final_Assemblies/Complete_Assembly_Output/TMP/FASTP/C286_1.fastq.gz,/hpcfs/users/a1667917/Staph_Final_Assemblies/Complete_Assembly_Output/TMP/FASTP/C286_2.fastq.gz
C865,/hpcfs/users/a1667917/Staph_Final_Assemblies/Complete_Assembly_Output/CHROMOSOME/C865.fasta,/hpcfs/users/a1667917/Staph_Final_Assemblies/Complete_Assembly_Output/PLASSEMBLER_FASTAS/C865.fasta,/hpcfs/users/a1667917/Staph_Final_Assemblies/Complete_Assembly_Output/TMP/FASTP/C865_1.fastq.gz,/hpcfs/users/a1667917/Staph_Final_Assemblies/Complete_Assembly_Output/TMP/FASTP/C865_2.fastq.gz
C900,/hpcfs/users/a1667917/Staph_Final_Assemblies/Complete_Assembly_Output/CHROMOSOME/C900.fasta,/hpcfs/users/a1667917/Staph_Final_Assemblies/Complete_Assembly_Output/PLASSEMBLER_FASTAS/C900.fasta,/hpcfs/users/a1667917/Staph_Final_Assemblies/Complete_Assembly_Output/TMP/FASTP/C900_1.fastq.gz,/hpcfs/users/a1667917/Staph_Final_Assemblies/Complete_Assembly_Output/TMP/FASTP/C900_2.fastq.gz
C294,/hpcfs/users/a1667917/Staph_Final_Assemblies/Complete_Assembly_Output/CHROMOSOME/C294.fasta,None,/hpcfs/users/a1667917/Staph_Final_Assemblies/Complete_Assembly_Output/TMP/FASTP/C294_1.fastq.gz,/hpcfs/users/a1667917/Staph_Final_Assemblies/Complete_Assembly_Output/TMP/FASTP/C294_2.fastq.gz
C295,/hpcfs/users/a1667917/Staph_Final_Assemblies/Complete_Assembly_Output/CHROMOSOME/C295.fasta,None,/hpcfs/users/a1667917/Staph_Final_Assemblies/Complete_Assembly_Output/TMP/FASTP/C295_1.fastq.gz,/hpcfs/users/a1667917/Staph_Final_Assemblies/Complete_Assembly_Output/TMP/FASTP/C295_2.fastq.gz
C297,/hpcfs/users/a1667917/Staph_Final_Assemblies/Complete_Assembly_Output/CHROMOSOME/C297.fasta,None,/hpcfs/users/a1667917/Staph_Final_Assemblies/Complete_Assembly_Output/TMP/FASTP/C297_1.fastq.gz,/hpcfs/users/a1667917/Staph_Final_Assemblies/Complete_Assembly_Output/TMP/FASTP/C297_2.fastq.gz
C189,/hpcfs/users/a1667917/Staph_Final_Assemblies/Complete_Assembly_Output/CHROMOSOME/C189.fasta,/hpcfs/users/a1667917/Staph_Final_Assemblies/Complete_Assembly_Output/PLASSEMBLER_FASTAS/C189.fasta,/hpcfs/users/a1667917/Staph_Final_Assemblies/Complete_Assembly_Output/TMP/FASTP/C189_1.fastq.gz,/hpcfs/users/a1667917/Staph_Final_Assemblies/Complete_Assembly_Output/TMP/FASTP/C189_2.fastq.gz
C100,/hpcfs/users/a1667917/Staph_Final_Assemblies/Complete_Assembly_Output/CHROMOSOME/C100.fasta,/hpcfs/users/a1667917/Staph_Final_Assemblies/Complete_Assembly_Output/PLASSEMBLER_FASTAS/C100.fasta,/hpcfs/users/a1667917/Staph_Final_Assemblies/Complete_Assembly_Output/TMP/FASTP/C100_1.fastq.gz,/hpcfs/users/a1667917/Staph_Final_Assemblies/Complete_Assembly_Output/TMP/FASTP/C100_2.fastq.gz
C121,/hpcfs/users/a1667917/Staph_Final_Assemblies/Complete_Assembly_Output/CHROMOSOME/C121.fasta,/hpcfs/users/a1667917/Staph_Final_Assemblies/Complete_Assembly_Output/PLASSEMBLER_FASTAS/C121.fasta,/hpcfs/users/a1667917/Staph_Final_Assemblies/Complete_Assembly_Output/TMP/FASTP/C121_1.fastq.gz,/hpcfs/users/a1667917/Staph_Final_Assemblies/Complete_Assembly_Output/TMP/FASTP/C121_2.fastq.gz
C311,/hpcfs/users/a1667917/Staph_Final_Assemblies/Complete_Assembly_Output/CHROMOSOME/C311.fasta,None,/hpcfs/users/a1667917/Staph_Final_Assemblies/Complete_Assembly_Output/TMP/FASTP/C311_1.fastq.gz,/hpcfs/users/a1667917/Staph_Final_Assemblies/Complete_Assembly_Output/TMP/FASTP/C311_2.fastq.gz
NEL_44,/hpcfs/users/a1667917/Staph_Final_Assemblies/Complete_Assembly_Output/CHROMOSOME/NEL_44.fasta,/hpcfs/users/a1667917/Staph_Final_Assemblies/Complete_Assembly_Output/PLASSEMBLER_FASTAS/NEL_44.fasta,/hpcfs/users/a1667917/Staph_Final_Assemblies/Complete_Assembly_Output/TMP/FASTP/NEL_44_1.fastq.gz,/hpcfs/users/a1667917/Staph_Final_Assemblies/Complete_Assembly_Output/TMP/FASTP/NEL_44_2.fastq.gz
COUG_54,/hpcfs/users/a1667917/Staph_Final_Assemblies/Complete_Assembly_Output/CHROMOSOME/COUG_54.fasta,/hpcfs/users/a1667917/Staph_Final_Assemblies/Complete_Assembly_Output/PLASSEMBLER_FASTAS/COUG_54.fasta,/hpcfs/users/a1667917/Staph_Final_Assemblies/Complete_Assembly_Output/TMP/FASTP/COUG_54_1.fastq.gz,/hpcfs/users/a1667917/Staph_Final_Assemblies/Complete_Assembly_Output/TMP/FASTP/COUG_54_2.fastq.gz
C351,/hpcfs/users/a1667917/Staph_Final_Assemblies/Complete_Assembly_Output/CHROMOSOME/C351.fasta,/hpcfs/users/a1667917/Staph_Final_Assemblies/Complete_Assembly_Output/PLASSEMBLER_FASTAS/C351.fasta,/hpcfs/users/a1667917/Staph_Final_Assemblies/Complete_Assembly_Output/TMP/FASTP/C351_1.fastq.gz,/hpcfs/users/a1667917/Staph_Final_Assemblies/Complete_Assembly_Output/TMP/FASTP/C351_2.fastq.gz
C318,/hpcfs/users/a1667917/Staph_Final_Assemblies/Complete_Assembly_Output/CHROMOSOME/C318.fasta,None,/hpcfs/users/a1667917/Staph_Final_Assemblies/Complete_Assembly_Output/TMP/FASTP/C318_1.fastq.gz,/hpcfs/users/a1667917/Staph_Final_Assemblies/Complete_Assembly_Output/TMP/FASTP/C318_2.fastq.gz
C322,/hpcfs/users/a1667917/Staph_Final_Assemblies/Complete_Assembly_Output/CHROMOSOME/C322.fasta,/hpcfs/users/a1667917/Staph_Final_Assemblies/Complete_Assembly_Output/PLASSEMBLER_FASTAS/C322.fasta,/hpcfs/users/a1667917/Staph_Final_Assemblies/Complete_Assembly_Output/TMP/FASTP/C322_1.fastq.gz,/hpcfs/users/a1667917/Staph_Final_Assemblies/Complete_Assembly_Output/TMP/FASTP/C322_2.fastq.gz
C320,/hpcfs/users/a1667917/Staph_Final_Assemblies/Complete_Assembly_Output/CHROMOSOME/C320.fasta,None,/hpcfs/users/a1667917/Staph_Final_Assemblies/Complete_Assembly_Output/TMP/FASTP/C320_1.fastq.gz,/hpcfs/users/a1667917/Staph_Final_Assemblies/Complete_Assembly_Output/TMP/FASTP/C320_2.fastq.gz
JOH_52,/hpcfs/users/a1667917/Staph_Final_Assemblies/Complete_Assembly_Output/CHROMOSOME/JOH_52.fasta,/hpcfs/users/a1667917/Staph_Final_Assemblies/Complete_Assembly_Output/PLASSEMBLER_FASTAS/JOH_52.fasta,/hpcfs/users/a1667917/Staph_Final_Assemblies/Complete_Assembly_Output/TMP/FASTP/JOH_52_1.fastq.gz,/hpcfs/users/a1667917/Staph_Final_Assemblies/Complete_Assembly_Output/TMP/FASTP/JOH_52_2.fastq.gz
C241,/hpcfs/users/a1667917/Staph_Final_Assemblies/Complete_Assembly_Output/CHROMOSOME/C241.fasta,/hpcfs/users/a1667917/Staph_Final_Assemblies/Complete_Assembly_Output/PLASSEMBLER_FASTAS/C241.fasta,/hpcfs/users/a1667917/Staph_Final_Assemblies/Complete_Assembly_Output/TMP/FASTP/C241_1.fastq.gz,/hpcfs/users/a1667917/Staph_Final_Assemblies/Complete_Assembly_Output/TMP/FASTP/C241_2.fastq.gz
C298,/hpcfs/users/a1667917/Staph_Final_Assemblies/Complete_Assembly_Output/CHROMOSOME/C298.fasta,/hpcfs/users/a1667917/Staph_Final_Assemblies/Complete_Assembly_Output/PLASSEMBLER_FASTAS/C298.fasta,/hpcfs/users/a1667917/Staph_Final_Assemblies/Complete_Assembly_Output/TMP/FASTP/C298_1.fastq.gz,/hpcfs/users/a1667917/Staph_Final_Assemblies/Complete_Assembly_Output/TMP/FASTP/C298_2.fastq.gz
C214,/hpcfs/users/a1667917/Staph_Final_Assemblies/Complete_Assembly_Output/CHROMOSOME/C214.fasta,/hpcfs/users/a1667917/Staph_Final_Assemblies/Complete_Assembly_Output/PLASSEMBLER_FASTAS/C214.fasta,/hpcfs/users/a1667917/Staph_Final_Assemblies/Complete_Assembly_Output/TMP/FASTP/C214_1.fastq.gz,/hpcfs/users/a1667917/Staph_Final_Assemblies/Complete_Assembly_Output/TMP/FASTP/C214_2.fastq.gz
C32,/hpcfs/users/a1667917/Staph_Final_Assemblies/Complete_Assembly_Output/CHROMOSOME/C32.fasta,None,/hpcfs/users/a1667917/Staph_Final_Assemblies/Complete_Assembly_Output/TMP/FASTP/C32_1.fastq.gz,/hpcfs/users/a1667917/Staph_Final_Assemblies/Complete_Assembly_Output/TMP/FASTP/C32_2.fastq.gz
C309,/hpcfs/users/a1667917/Staph_Final_Assemblies/Complete_Assembly_Output/CHROMOSOME/C309.fasta,/hpcfs/users/a1667917/Staph_Final_Assemblies/Complete_Assembly_Output/PLASSEMBLER_FASTAS/C309.fasta,/hpcfs/users/a1667917/Staph_Final_Assemblies/Complete_Assembly_Output/TMP/FASTP/C309_1.fastq.gz,/hpcfs/users/a1667917/Staph_Final_Assemblies/Complete_Assembly_Output/TMP/FASTP/C309_2.fastq.gz
RAM_56,/hpcfs/users/a1667917/Staph_Final_Assemblies/Complete_Assembly_Output/CHROMOSOME/RAM_56.fasta,/hpcfs/users/a1667917/Staph_Final_Assemblies/Complete_Assembly_Output/PLASSEMBLER_FASTAS/RAM_56.fasta,/hpcfs/users/a1667917/Staph_Final_Assemblies/Complete_Assembly_Output/TMP/FASTP/RAM_56_1.fastq.gz,/hpcfs/users/a1667917/Staph_Final_Assemblies/Complete_Assembly_Output/TMP/FASTP/RAM_56_2.fastq.gz
C188,/hpcfs/users/a1667917/Staph_Final_Assemblies/Complete_Assembly_Output/CHROMOSOME/C188.fasta,/hpcfs/users/a1667917/Staph_Final_Assemblies/Complete_Assembly_Output/PLASSEMBLER_FASTAS/C188.fasta,/hpcfs/users/a1667917/Staph_Final_Assemblies/Complete_Assembly_Output/TMP/FASTP/C188_1.fastq.gz,/hpcfs/users/a1667917/Staph_Final_Assemblies/Complete_Assembly_Output/TMP/FASTP/C188_2.fastq.gz
C364,/hpcfs/users/a1667917/Staph_Final_Assemblies/Complete_Assembly_Output/CHROMOSOME/C364.fasta,/hpcfs/users/a1667917/Staph_Final_Assemblies/Complete_Assembly_Output/PLASSEMBLER_FASTAS/C364.fasta,/hpcfs/users/a1667917/Staph_Final_Assemblies/Complete_Assembly_Output/TMP/FASTP/C364_1.fastq.gz,/hpcfs/users/a1667917/Staph_Final_Assemblies/Complete_Assembly_Output/TMP/FASTP/C364_2.fastq.gz
C901,/hpcfs/users/a1667917/Staph_Final_Assemblies/Complete_Assembly_Output/CHROMOSOME/C901.fasta,/hpcfs/users/a1667917/Staph_Final_Assemblies/Complete_Assembly_Output/PLASSEMBLER_FASTAS/C901.fasta,/hpcfs/users/a1667917/Staph_Final_Assemblies/Complete_Assembly_Output/TMP/FASTP/C901_1.fastq.gz,/hpcfs/users/a1667917/Staph_Final_Assemblies/Complete_Assembly_Output/TMP/FASTP/C901_2.fastq.gz
C45,/hpcfs/users/a1667917/Staph_Final_Assemblies/Complete_Assembly_Output/CHROMOSOME/C45.fasta,/hpcfs/users/a1667917/Staph_Final_Assemblies/Complete_Assembly_Output/PLASSEMBLER_FASTAS/C45.fasta,/hpcfs/users/a1667917/Staph_Final_Assemblies/Complete_Assembly_Output/TMP/FASTP/C45_1.fastq.gz,/hpcfs/users/a1667917/Staph_Final_Assemblies/Complete_Assembly_Output/TMP/FASTP/C45_2.fastq.gz
McM_12,/hpcfs/users/a1667917/Staph_Final_Assemblies/Complete_Assembly_Output/CHROMOSOME/McM_12.fasta,/hpcfs/users/a1667917/Staph_Final_Assemblies/Complete_Assembly_Output/PLASSEMBLER_FASTAS/McM_12.fasta,/hpcfs/users/a1667917/Staph_Final_Assemblies/Complete_Assembly_Output/TMP/FASTP/McM_12_1.fastq.gz,/hpcfs/users/a1667917/Staph_Final_Assemblies/Complete_Assembly_Output/TMP/FASTP/McM_12_2.fastq.gz
C354,/hpcfs/users/a1667917/Staph_Final_Assemblies/Complete_Assembly_Output/CHROMOSOME/C354.fasta,None,/hpcfs/users/a1667917/Staph_Final_Assemblies/Complete_Assembly_Output/TMP/FASTP/C354_1.fastq.gz,/hpcfs/users/a1667917/Staph_Final_Assemblies/Complete_Assembly_Output/TMP/FASTP/C354_2.fastq.gz
C355,/hpcfs/users/a1667917/Staph_Final_Assemblies/Complete_Assembly_Output/CHROMOSOME/C355.fasta,None,/hpcfs/users/a1667917/Staph_Final_Assemblies/Complete_Assembly_Output/TMP/FASTP/C355_1.fastq.gz,/hpcfs/users/a1667917/Staph_Final_Assemblies/Complete_Assembly_Output/TMP/FASTP/C355_2.fastq.gz
C357,/hpcfs/users/a1667917/Staph_Final_Assemblies/Complete_Assembly_Output/CHROMOSOME/C357.fasta,None,/hpcfs/users/a1667917/Staph_Final_Assemblies/Complete_Assembly_Output/TMP/FASTP/C357_1.fastq.gz,/hpcfs/users/a1667917/Staph_Final_Assemblies/Complete_Assembly_Output/TMP/FASTP/C357_2.fastq.gz
C913,/hpcfs/users/a1667917/Staph_Final_Assemblies/Complete_Assembly_Output/CHROMOSOME/C913.fasta,/hpcfs/users/a1667917/Staph_Final_Assemblies/Complete_Assembly_Output/PLASSEMBLER_FASTAS/C913.fasta,/hpcfs/users/a1667917/Staph_Final_Assemblies/Complete_Assembly_Output/TMP/FASTP/C913_1.fastq.gz,/hpcfs/users/a1667917/Staph_Final_Assemblies/Complete_Assembly_Output/TMP/FASTP/C913_2.fastq.gz
C79,/hpcfs/users/a1667917/Staph_Final_Assemblies/Complete_Assembly_Output/CHROMOSOME/C79.fasta,/hpcfs/users/a1667917/Staph_Final_Assemblies/Complete_Assembly_Output/PLASSEMBLER_FASTAS/C79.fasta,/hpcfs/users/a1667917/Staph_Final_Assemblies/Complete_Assembly_Output/TMP/FASTP/C79_1.fastq.gz,/hpcfs/users/a1667917/Staph_Final_Assemblies/Complete_Assembly_Output/TMP/FASTP/C79_2.fastq.gz
FIEL_34,/hpcfs/users/a1667917/Staph_Final_Assemblies/Complete_Assembly_Output/CHROMOSOME/FIEL_34.fasta,/hpcfs/users/a1667917/Staph_Final_Assemblies/Complete_Assembly_Output/PLASSEMBLER_FASTAS/FIEL_34.fasta,/hpcfs/users/a1667917/Staph_Final_Assemblies/Complete_Assembly_Output/TMP/FASTP/FIEL_34_1.fastq.gz,/hpcfs/users/a1667917/Staph_Final_Assemblies/Complete_Assembly_Output/TMP/FASTP/FIEL_34_2.fastq.gz
C52,/hpcfs/users/a1667917/Staph_Final_Assemblies/Complete_Assembly_Output/CHROMOSOME/C52.fasta,None,/hpcfs/users/a1667917/Staph_Final_Assemblies/Complete_Assembly_Output/TMP/FASTP/C52_1.fastq.gz,/hpcfs/users/a1667917/Staph_Final_Assemblies/Complete_Assembly_Output/TMP/FASTP/C52_2.fastq.gz
C56,/hpcfs/users/a1667917/Staph_Final_Assemblies/Complete_Assembly_Output/CHROMOSOME/C56.fasta,None,/hpcfs/users/a1667917/Staph_Final_Assemblies/Complete_Assembly_Output/TMP/FASTP/C56_1.fastq.gz,/hpcfs/users/a1667917/Staph_Final_Assemblies/Complete_Assembly_Output/TMP/FASTP/C56_2.fastq.gz
C208,/hpcfs/users/a1667917/Staph_Final_Assemblies/Complete_Assembly_Output/CHROMOSOME/C208.fasta,/hpcfs/users/a1667917/Staph_Final_Assemblies/Complete_Assembly_Output/PLASSEMBLER_FASTAS/C208.fasta,/hpcfs/users/a1667917/Staph_Final_Assemblies/Complete_Assembly_Output/TMP/FASTP/C208_1.fastq.gz,/hpcfs/users/a1667917/Staph_Final_Assemblies/Complete_Assembly_Output/TMP/FASTP/C208_2.fastq.gz
C316,/hpcfs/users/a1667917/Staph_Final_Assemblies/Complete_Assembly_Output/CHROMOSOME/C316.fasta,/hpcfs/users/a1667917/Staph_Final_Assemblies/Complete_Assembly_Output/PLASSEMBLER_FASTAS/C316.fasta,/hpcfs/users/a1667917/Staph_Final_Assemblies/Complete_Assembly_Output/TMP/FASTP/C316_1.fastq.gz,/hpcfs/users/a1667917/Staph_Final_Assemblies/Complete_Assembly_Output/TMP/FASTP/C316_2.fastq.gz
C80,/hpcfs/users/a1667917/Staph_Final_Assemblies/Complete_Assembly_Output/CHROMOSOME/C80.fasta,/hpcfs/users/a1667917/Staph_Final_Assemblies/Complete_Assembly_Output/PLASSEMBLER_FASTAS/C80.fasta,/hpcfs/users/a1667917/Staph_Final_Assemblies/Complete_Assembly_Output/TMP/FASTP/C80_1.fastq.gz,/hpcfs/users/a1667917/Staph_Final_Assemblies/Complete_Assembly_Output/TMP/FASTP/C80_2.fastq.gz
FRAG_7,/hpcfs/users/a1667917/Staph_Final_Assemblies/Complete_Assembly_Output/CHROMOSOME/FRAG_7.fasta,/hpcfs/users/a1667917/Staph_Final_Assemblies/Complete_Assembly_Output/PLASSEMBLER_FASTAS/FRAG_7.fasta,/hpcfs/users/a1667917/Staph_Final_Assemblies/Complete_Assembly_Output/TMP/FASTP/FRAG_7_1.fastq.gz,/hpcfs/users/a1667917/Staph_Final_Assemblies/Complete_Assembly_Output/TMP/FASTP/FRAG_7_2.fastq.gz
C76,/hpcfs/users/a1667917/Staph_Final_Assemblies/Complete_Assembly_Output/CHROMOSOME/C76.fasta,None,/hpcfs/users/a1667917/Staph_Final_Assemblies/Complete_Assembly_Output/TMP/FASTP/C76_1.fastq.gz,/hpcfs/users/a1667917/Staph_Final_Assemblies/Complete_Assembly_Output/TMP/FASTP/C76_2.fastq.gz
C136,/hpcfs/users/a1667917/Staph_Final_Assemblies/Complete_Assembly_Output/CHROMOSOME/C136.fasta,/hpcfs/users/a1667917/Staph_Final_Assemblies/Complete_Assembly_Output/PLASSEMBLER_FASTAS/C136.fasta,/hpcfs/users/a1667917/Staph_Final_Assemblies/Complete_Assembly_Output/TMP/FASTP/C136_1.fastq.gz,/hpcfs/users/a1667917/Staph_Final_Assemblies/Complete_Assembly_Output/TMP/FASTP/C136_2.fastq.gz
C91,/hpcfs/users/a1667917/Staph_Final_Assemblies/Complete_Assembly_Output/CHROMOSOME/C91.fasta,/hpcfs/users/a1667917/Staph_Final_Assemblies/Complete_Assembly_Output/PLASSEMBLER_FASTAS/C91.fasta,/hpcfs/users/a1667917/Staph_Final_Assemblies/Complete_Assembly_Output/TMP/FASTP/C91_1.fastq.gz,/hpcfs/users/a1667917/Staph_Final_Assemblies/Complete_Assembly_Output/TMP/FASTP/C91_2.fastq.gz
C246,/hpcfs/users/a1667917/Staph_Final_Assemblies/Complete_Assembly_Output/CHROMOSOME/C246.fasta,/hpcfs/users/a1667917/Staph_Final_Assemblies/Complete_Assembly_Output/PLASSEMBLER_FASTAS/C246.fasta,/hpcfs/users/a1667917/Staph_Final_Assemblies/Complete_Assembly_Output/TMP/FASTP/C246_1.fastq.gz,/hpcfs/users/a1667917/Staph_Final_Assemblies/Complete_Assembly_Output/TMP/FASTP/C246_2.fastq.gz
C905,/hpcfs/users/a1667917/Staph_Final_Assemblies/Complete_Assembly_Output/CHROMOSOME/C905.fasta,/hpcfs/users/a1667917/Staph_Final_Assemblies/Complete_Assembly_Output/PLASSEMBLER_FASTAS/C905.fasta,/hpcfs/users/a1667917/Staph_Final_Assemblies/Complete_Assembly_Output/TMP/FASTP/C905_1.fastq.gz,/hpcfs/users/a1667917/Staph_Final_Assemblies/Complete_Assembly_Output/TMP/FASTP/C905_2.fastq.gz
C864,/hpcfs/users/a1667917/Staph_Final_Assemblies/Complete_Assembly_Output/CHROMOSOME/C864.fasta,None,/hpcfs/users/a1667917/Staph_Final_Assemblies/Complete_Assembly_Output/TMP/FASTP/C864_1.fastq.gz,/hpcfs/users/a1667917/Staph_Final_Assemblies/Complete_Assembly_Output/TMP/FASTP/C864_2.fastq.gz
C292,/hpcfs/users/a1667917/Staph_Final_Assemblies/Complete_Assembly_Output/CHROMOSOME/C292.fasta,/hpcfs/users/a1667917/Staph_Final_Assemblies/Complete_Assembly_Output/PLASSEMBLER_FASTAS/C292.fasta,/hpcfs/users/a1667917/Staph_Final_Assemblies/Complete_Assembly_Output/TMP/FASTP/C292_1.fastq.gz,/hpcfs/users/a1667917/Staph_Final_Assemblies/Complete_Assembly_Output/TMP/FASTP/C292_2.fastq.gz
C353,/hpcfs/users/a1667917/Staph_Final_Assemblies/Complete_Assembly_Output/CHROMOSOME/C353.fasta,/hpcfs/users/a1667917/Staph_Final_Assemblies/Complete_Assembly_Output/PLASSEMBLER_FASTAS/C353.fasta,/hpcfs/users/a1667917/Staph_Final_Assemblies/Complete_Assembly_Output/TMP/FASTP/C353_1.fastq.gz,/hpcfs/users/a1667917/Staph_Final_Assemblies/Complete_Assembly_Output/TMP/FASTP/C353_2.fastq.gz
C255,/hpcfs/users/a1667917/Staph_Final_Assemblies/Complete_Assembly_Output/CHROMOSOME/C255.fasta,/hpcfs/users/a1667917/Staph_Final_Assemblies/Complete_Assembly_Output/PLASSEMBLER_FASTAS/C255.fasta,/hpcfs/users/a1667917/Staph_Final_Assemblies/Complete_Assembly_Output/TMP/FASTP/C255_1.fastq.gz,/hpcfs/users/a1667917/Staph_Final_Assemblies/Complete_Assembly_Output/TMP/FASTP/C255_2.fastq.gz
C209,/hpcfs/users/a1667917/Staph_Final_Assemblies/Complete_Assembly_Output/CHROMOSOME/C209.fasta,/hpcfs/users/a1667917/Staph_Final_Assemblies/Complete_Assembly_Output/PLASSEMBLER_FASTAS/C209.fasta,/hpcfs/users/a1667917/Staph_Final_Assemblies/Complete_Assembly_Output/TMP/FASTP/C209_1.fastq.gz,/hpcfs/users/a1667917/Staph_Final_Assemblies/Complete_Assembly_Output/TMP/FASTP/C209_2.fastq.gz
C869,/hpcfs/users/a1667917/Staph_Final_Assemblies/Complete_Assembly_Output/CHROMOSOME/C869.fasta,None,/hpcfs/users/a1667917/Staph_Final_Assemblies/Complete_Assembly_Output/TMP/FASTP/C869_1.fastq.gz,/hpcfs/users/a1667917/Staph_Final_Assemblies/Complete_Assembly_Output/TMP/FASTP/C869_2.fastq.gz
C25,/hpcfs/users/a1667917/Staph_Final_Assemblies/Complete_Assembly_Output/CHROMOSOME/C25.fasta,/hpcfs/users/a1667917/Staph_Final_Assemblies/Complete_Assembly_Output/PLASSEMBLER_FASTAS/C25.fasta,/hpcfs/users/a1667917/Staph_Final_Assemblies/Complete_Assembly_Output/TMP/FASTP/C25_1.fastq.gz,/hpcfs/users/a1667917/Staph_Final_Assemblies/Complete_Assembly_Output/TMP/FASTP/C25_2.fastq.gz
C263,/hpcfs/users/a1667917/Staph_Final_Assemblies/Complete_Assembly_Output/CHROMOSOME/C263.fasta,/hpcfs/users/a1667917/Staph_Final_Assemblies/Complete_Assembly_Output/PLASSEMBLER_FASTAS/C263.fasta,/hpcfs/users/a1667917/Staph_Final_Assemblies/Complete_Assembly_Output/TMP/FASTP/C263_1.fastq.gz,/hpcfs/users/a1667917/Staph_Final_Assemblies/Complete_Assembly_Output/TMP/FASTP/C263_2.fastq.gz
C339,/hpcfs/users/a1667917/Staph_Final_Assemblies/Complete_Assembly_Output/CHROMOSOME/C339.fasta,/hpcfs/users/a1667917/Staph_Final_Assemblies/Complete_Assembly_Output/PLASSEMBLER_FASTAS/C339.fasta,/hpcfs/users/a1667917/Staph_Final_Assemblies/Complete_Assembly_Output/TMP/FASTP/C339_1.fastq.gz,/hpcfs/users/a1667917/Staph_Final_Assemblies/Complete_Assembly_Output/TMP/FASTP/C339_2.fastq.gz
C866,/hpcfs/users/a1667917/Staph_Final_Assemblies/Complete_Assembly_Output/CHROMOSOME/C866.fasta,/hpcfs/users/a1667917/Staph_Final_Assemblies/Complete_Assembly_Output/PLASSEMBLER_FASTAS/C866.fasta,/hpcfs/users/a1667917/Staph_Final_Assemblies/Complete_Assembly_Output/TMP/FASTP/C866_1.fastq.gz,/hpcfs/users/a1667917/Staph_Final_Assemblies/Complete_Assembly_Output/TMP/FASTP/C866_2.fastq.gz
C885,/hpcfs/users/a1667917/Staph_Final_Assemblies/Complete_Assembly_Output/CHROMOSOME/C885.fasta,/hpcfs/users/a1667917/Staph_Final_Assemblies/Complete_Assembly_Output/PLASSEMBLER_FASTAS/C885.fasta,/hpcfs/users/a1667917/Staph_Final_Assemblies/Complete_Assembly_Output/TMP/FASTP/C885_1.fastq.gz,/hpcfs/users/a1667917/Staph_Final_Assemblies/Complete_Assembly_Output/TMP/FASTP/C885_2.fastq.gz
C909,/hpcfs/users/a1667917/Staph_Final_Assemblies/Complete_Assembly_Output/CHROMOSOME/C909.fasta,/hpcfs/users/a1667917/Staph_Final_Assemblies/Complete_Assembly_Output/PLASSEMBLER_FASTAS/C909.fasta,/hpcfs/users/a1667917/Staph_Final_Assemblies/Complete_Assembly_Output/TMP/FASTP/C909_1.fastq.gz,/hpcfs/users/a1667917/Staph_Final_Assemblies/Complete_Assembly_Output/TMP/FASTP/C909_2.fastq.gz
C886,/hpcfs/users/a1667917/Staph_Final_Assemblies/Complete_Assembly_Output/CHROMOSOME/C886.fasta,None,/hpcfs/users/a1667917/Staph_Final_Assemblies/Complete_Assembly_Output/TMP/FASTP/C886_1.fastq.gz,/hpcfs/users/a1667917/Staph_Final_Assemblies/Complete_Assembly_Output/TMP/FASTP/C886_2.fastq.gz
C887,/hpcfs/users/a1667917/Staph_Final_Assemblies/Complete_Assembly_Output/CHROMOSOME/C887.fasta,None,/hpcfs/users/a1667917/Staph_Final_Assemblies/Complete_Assembly_Output/TMP/FASTP/C887_1.fastq.gz,/hpcfs/users/a1667917/Staph_Final_Assemblies/Complete_Assembly_Output/TMP/FASTP/C887_2.fastq.gz
C888,/hpcfs/users/a1667917/Staph_Final_Assemblies/Complete_Assembly_Output/CHROMOSOME/C888.fasta,None,/hpcfs/users/a1667917/Staph_Final_Assemblies/Complete_Assembly_Output/TMP/FASTP/C888_1.fastq.gz,/hpcfs/users/a1667917/Staph_Final_Assemblies/Complete_Assembly_Output/TMP/FASTP/C888_2.fastq.gz
C890,/hpcfs/users/a1667917/Staph_Final_Assemblies/Complete_Assembly_Output/CHROMOSOME/C890.fasta,None,/hpcfs/users/a1667917/Staph_Final_Assemblies/Complete_Assembly_Output/TMP/FASTP/C890_1.fastq.gz,/hpcfs/users/a1667917/Staph_Final_Assemblies/Complete_Assembly_Output/TMP/FASTP/C890_2.fastq.gz
SET_47,/hpcfs/users/a1667917/Staph_Final_Assemblies/Complete_Assembly_Output/CHROMOSOME/SET_47.fasta,/hpcfs/users/a1667917/Staph_Final_Assemblies/Complete_Assembly_Output/PLASSEMBLER_FASTAS/SET_47.fasta,/hpcfs/users/a1667917/Staph_Final_Assemblies/Complete_Assembly_Output/TMP/FASTP/SET_47_1.fastq.gz,/hpcfs/users/a1667917/Staph_Final_Assemblies/Complete_Assembly_Output/TMP/FASTP/SET_47_2.fastq.gz
C896,/hpcfs/users/a1667917/Staph_Final_Assemblies/Complete_Assembly_Output/CHROMOSOME/C896.fasta,None,/hpcfs/users/a1667917/Staph_Final_Assemblies/Complete_Assembly_Output/TMP/FASTP/C896_1.fastq.gz,/hpcfs/users/a1667917/Staph_Final_Assemblies/Complete_Assembly_Output/TMP/FASTP/C896_2.fastq.gz
C133,/hpcfs/users/a1667917/Staph_Final_Assemblies/Complete_Assembly_Output/CHROMOSOME/C133.fasta,/hpcfs/users/a1667917/Staph_Final_Assemblies/Complete_Assembly_Output/PLASSEMBLER_FASTAS/C133.fasta,/hpcfs/users/a1667917/Staph_Final_Assemblies/Complete_Assembly_Output/TMP/FASTP/C133_1.fastq.gz,/hpcfs/users/a1667917/Staph_Final_Assemblies/Complete_Assembly_Output/TMP/FASTP/C133_2.fastq.gz
C179,/hpcfs/users/a1667917/Staph_Final_Assemblies/Complete_Assembly_Output/CHROMOSOME/C179.fasta,/hpcfs/users/a1667917/Staph_Final_Assemblies/Complete_Assembly_Output/PLASSEMBLER_FASTAS/C179.fasta,/hpcfs/users/a1667917/Staph_Final_Assemblies/Complete_Assembly_Output/TMP/FASTP/C179_1.fastq.gz,/hpcfs/users/a1667917/Staph_Final_Assemblies/Complete_Assembly_Output/TMP/FASTP/C179_2.fastq.gz
C903,/hpcfs/users/a1667917/Staph_Final_Assemblies/Complete_Assembly_Output/CHROMOSOME/C903.fasta,None,/hpcfs/users/a1667917/Staph_Final_Assemblies/Complete_Assembly_Output/TMP/FASTP/C903_1.fastq.gz,/hpcfs/users/a1667917/Staph_Final_Assemblies/Complete_Assembly_Output/TMP/FASTP/C903_2.fastq.gz
C904,/hpcfs/users/a1667917/Staph_Final_Assemblies/Complete_Assembly_Output/CHROMOSOME/C904.fasta,None,/hpcfs/users/a1667917/Staph_Final_Assemblies/Complete_Assembly_Output/TMP/FASTP/C904_1.fastq.gz,/hpcfs/users/a1667917/Staph_Final_Assemblies/Complete_Assembly_Output/TMP/FASTP/C904_2.fastq.gz
C195,/hpcfs/users/a1667917/Staph_Final_Assemblies/Complete_Assembly_Output/CHROMOSOME/C195.fasta,/hpcfs/users/a1667917/Staph_Final_Assemblies/Complete_Assembly_Output/PLASSEMBLER_FASTAS/C195.fasta,/hpcfs/users/a1667917/Staph_Final_Assemblies/Complete_Assembly_Output/TMP/FASTP/C195_1.fastq.gz,/hpcfs/users/a1667917/Staph_Final_Assemblies/Complete_Assembly_Output/TMP/FASTP/C195_2.fastq.gz
C906,/hpcfs/users/a1667917/Staph_Final_Assemblies/Complete_Assembly_Output/CHROMOSOME/C906.fasta,None,/hpcfs/users/a1667917/Staph_Final_Assemblies/Complete_Assembly_Output/TMP/FASTP/C906_1.fastq.gz,/hpcfs/users/a1667917/Staph_Final_Assemblies/Complete_Assembly_Output/TMP/FASTP/C906_2.fastq.gz
C907,/hpcfs/users/a1667917/Staph_Final_Assemblies/Complete_Assembly_Output/CHROMOSOME/C907.fasta,None,/hpcfs/users/a1667917/Staph_Final_Assemblies/Complete_Assembly_Output/TMP/FASTP/C907_1.fastq.gz,/hpcfs/users/a1667917/Staph_Final_Assemblies/Complete_Assembly_Output/TMP/FASTP/C907_2.fastq.gz
C908,/hpcfs/users/a1667917/Staph_Final_Assemblies/Complete_Assembly_Output/CHROMOSOME/C908.fasta,None,/hpcfs/users/a1667917/Staph_Final_Assemblies/Complete_Assembly_Output/TMP/FASTP/C908_1.fastq.gz,/hpcfs/users/a1667917/Staph_Final_Assemblies/Complete_Assembly_Output/TMP/FASTP/C908_2.fastq.gz
C342,/hpcfs/users/a1667917/Staph_Final_Assemblies/Complete_Assembly_Output/CHROMOSOME/C342.fasta,/hpcfs/users/a1667917/Staph_Final_Assemblies/Complete_Assembly_Output/PLASSEMBLER_FASTAS/C342.fasta,/hpcfs/users/a1667917/Staph_Final_Assemblies/Complete_Assembly_Output/TMP/FASTP/C342_1.fastq.gz,/hpcfs/users/a1667917/Staph_Final_Assemblies/Complete_Assembly_Output/TMP/FASTP/C342_2.fastq.gz
C910,/hpcfs/users/a1667917/Staph_Final_Assemblies/Complete_Assembly_Output/CHROMOSOME/C910.fasta,None,/hpcfs/users/a1667917/Staph_Final_Assemblies/Complete_Assembly_Output/TMP/FASTP/C910_1.fastq.gz,/hpcfs/users/a1667917/Staph_Final_Assemblies/Complete_Assembly_Output/TMP/FASTP/C910_2.fastq.gz
SMIS_49,/hpcfs/users/a1667917/Staph_Final_Assemblies/Complete_Assembly_Output/CHROMOSOME/SMIS_49.fasta,/hpcfs/users/a1667917/Staph_Final_Assemblies/Complete_Assembly_Output/PLASSEMBLER_FASTAS/SMIS_49.fasta,/hpcfs/users/a1667917/Staph_Final_Assemblies/Complete_Assembly_Output/TMP/FASTP/SMIS_49_1.fastq.gz,/hpcfs/users/a1667917/Staph_Final_Assemblies/Complete_Assembly_Output/TMP/FASTP/SMIS_49_2.fastq.gz
C321,/hpcfs/users/a1667917/Staph_Final_Assemblies/Complete_Assembly_Output/CHROMOSOME/C321.fasta,/hpcfs/users/a1667917/Staph_Final_Assemblies/Complete_Assembly_Output/PLASSEMBLER_FASTAS/C321.fasta,/hpcfs/users/a1667917/Staph_Final_Assemblies/Complete_Assembly_Output/TMP/FASTP/C321_1.fastq.gz,/hpcfs/users/a1667917/Staph_Final_Assemblies/Complete_Assembly_Output/TMP/FASTP/C321_2.fastq.gz
C911,/hpcfs/users/a1667917/Staph_Final_Assemblies/Complete_Assembly_Output/CHROMOSOME/C911.fasta,/hpcfs/users/a1667917/Staph_Final_Assemblies/Complete_Assembly_Output/PLASSEMBLER_FASTAS/C911.fasta,/hpcfs/users/a1667917/Staph_Final_Assemblies/Complete_Assembly_Output/TMP/FASTP/C911_1.fastq.gz,/hpcfs/users/a1667917/Staph_Final_Assemblies/Complete_Assembly_Output/TMP/FASTP/C911_2.fastq.gz
REIC_45,/hpcfs/users/a1667917/Staph_Final_Assemblies/Complete_Assembly_Output/CHROMOSOME/REIC_45.fasta,/hpcfs/users/a1667917/Staph_Final_Assemblies/Complete_Assembly_Output/PLASSEMBLER_FASTAS/REIC_45.fasta,/hpcfs/users/a1667917/Staph_Final_Assemblies/Complete_Assembly_Output/TMP/FASTP/REIC_45_1.fastq.gz,/hpcfs/users/a1667917/Staph_Final_Assemblies/Complete_Assembly_Output/TMP/FASTP/REIC_45_2.fastq.gz
C9,/hpcfs/users/a1667917/Staph_Final_Assemblies/Complete_Assembly_Output/CHROMOSOME/C9.fasta,None,/hpcfs/users/a1667917/Staph_Final_Assemblies/Complete_Assembly_Output/TMP/FASTP/C9_1.fastq.gz,/hpcfs/users/a1667917/Staph_Final_Assemblies/Complete_Assembly_Output/TMP/FASTP/C9_2.fastq.gz
CAM_25,/hpcfs/users/a1667917/Staph_Final_Assemblies/Complete_Assembly_Output/CHROMOSOME/CAM_25.fasta,None,/hpcfs/users/a1667917/Staph_Final_Assemblies/Complete_Assembly_Output/TMP/FASTP/CAM_25_1.fastq.gz,/hpcfs/users/a1667917/Staph_Final_Assemblies/Complete_Assembly_Output/TMP/FASTP/CAM_25_2.fastq.gz
C912,/hpcfs/users/a1667917/Staph_Final_Assemblies/Complete_Assembly_Output/CHROMOSOME/C912.fasta,/hpcfs/users/a1667917/Staph_Final_Assemblies/Complete_Assembly_Output/PLASSEMBLER_FASTAS/C912.fasta,/hpcfs/users/a1667917/Staph_Final_Assemblies/Complete_Assembly_Output/TMP/FASTP/C912_1.fastq.gz,/hpcfs/users/a1667917/Staph_Final_Assemblies/Complete_Assembly_Output/TMP/FASTP/C912_2.fastq.gz
ARC_1,/hpcfs/users/a1667917/Staph_Final_Assemblies/Complete_Assembly_Output/CHROMOSOME/ARC_1.fasta,/hpcfs/users/a1667917/Staph_Final_Assemblies/Complete_Assembly_Output/PLASSEMBLER_FASTAS/ARC_1.fasta,/hpcfs/users/a1667917/Staph_Final_Assemblies/Complete_Assembly_Output/TMP/FASTP/ARC_1_1.fastq.gz,/hpcfs/users/a1667917/Staph_Final_Assemblies/Complete_Assembly_Output/TMP/FASTP/ARC_1_2.fastq.gz
DEB_58,/hpcfs/users/a1667917/Staph_Final_Assemblies/Complete_Assembly_Output/CHROMOSOME/DEB_58.fasta,None,/hpcfs/users/a1667917/Staph_Final_Assemblies/Complete_Assembly_Output/TMP/FASTP/DEB_58_1.fastq.gz,/hpcfs/users/a1667917/Staph_Final_Assemblies/Complete_Assembly_Output/TMP/FASTP/DEB_58_2.fastq.gz
DEK_28,/hpcfs/users/a1667917/Staph_Final_Assemblies/Complete_Assembly_Output/CHROMOSOME/DEK_28.fasta,None,/hpcfs/users/a1667917/Staph_Final_Assemblies/Complete_Assembly_Output/TMP/FASTP/DEK_28_1.fastq.gz,/hpcfs/users/a1667917/Staph_Final_Assemblies/Complete_Assembly_Output/TMP/FASTP/DEK_28_2.fastq.gz
C181,/hpcfs/users/a1667917/Staph_Final_Assemblies/Complete_Assembly_Output/CHROMOSOME/C181.fasta,/hpcfs/users/a1667917/Staph_Final_Assemblies/Complete_Assembly_Output/PLASSEMBLER_FASTAS/C181.fasta,/hpcfs/users/a1667917/Staph_Final_Assemblies/Complete_Assembly_Output/TMP/FASTP/C181_1.fastq.gz,/hpcfs/users/a1667917/Staph_Final_Assemblies/Complete_Assembly_Output/TMP/FASTP/C181_2.fastq.gz
C197,/hpcfs/users/a1667917/Staph_Final_Assemblies/Complete_Assembly_Output/CHROMOSOME/C197.fasta,/hpcfs/users/a1667917/Staph_Final_Assemblies/Complete_Assembly_Output/PLASSEMBLER_FASTAS/C197.fasta,/hpcfs/users/a1667917/Staph_Final_Assemblies/Complete_Assembly_Output/TMP/FASTP/C197_1.fastq.gz,/hpcfs/users/a1667917/Staph_Final_Assemblies/Complete_Assembly_Output/TMP/FASTP/C197_2.fastq.gz
FLE_35,/hpcfs/users/a1667917/Staph_Final_Assemblies/Complete_Assembly_Output/CHROMOSOME/FLE_35.fasta,None,/hpcfs/users/a1667917/Staph_Final_Assemblies/Complete_Assembly_Output/TMP/FASTP/FLE_35_1.fastq.gz,/hpcfs/users/a1667917/Staph_Final_Assemblies/Complete_Assembly_Output/TMP/FASTP/FLE_35_2.fastq.gz
C244,/hpcfs/users/a1667917/Staph_Final_Assemblies/Complete_Assembly_Output/CHROMOSOME/C244.fasta,/hpcfs/users/a1667917/Staph_Final_Assemblies/Complete_Assembly_Output/PLASSEMBLER_FASTAS/C244.fasta,/hpcfs/users/a1667917/Staph_Final_Assemblies/Complete_Assembly_Output/TMP/FASTP/C244_1.fastq.gz,/hpcfs/users/a1667917/Staph_Final_Assemblies/Complete_Assembly_Output/TMP/FASTP/C244_2.fastq.gz
GILB_36,/hpcfs/users/a1667917/Staph_Final_Assemblies/Complete_Assembly_Output/CHROMOSOME/GILB_36.fasta,None,/hpcfs/users/a1667917/Staph_Final_Assemblies/Complete_Assembly_Output/TMP/FASTP/GILB_36_1.fastq.gz,/hpcfs/users/a1667917/Staph_Final_Assemblies/Complete_Assembly_Output/TMP/FASTP/GILB_36_2.fastq.gz
GRE_38,/hpcfs/users/a1667917/Staph_Final_Assemblies/Complete_Assembly_Output/CHROMOSOME/GRE_38.fasta,None,/hpcfs/users/a1667917/Staph_Final_Assemblies/Complete_Assembly_Output/TMP/FASTP/GRE_38_1.fastq.gz,/hpcfs/users/a1667917/Staph_Final_Assemblies/Complete_Assembly_Output/TMP/FASTP/GRE_38_2.fastq.gz
GRIF_9,/hpcfs/users/a1667917/Staph_Final_Assemblies/Complete_Assembly_Output/CHROMOSOME/GRIF_9.fasta,None,/hpcfs/users/a1667917/Staph_Final_Assemblies/Complete_Assembly_Output/TMP/FASTP/GRIF_9_1.fastq.gz,/hpcfs/users/a1667917/Staph_Final_Assemblies/Complete_Assembly_Output/TMP/FASTP/GRIF_9_2.fastq.gz
HIL_10,/hpcfs/users/a1667917/Staph_Final_Assemblies/Complete_Assembly_Output/CHROMOSOME/HIL_10.fasta,None,/hpcfs/users/a1667917/Staph_Final_Assemblies/Complete_Assembly_Output/TMP/FASTP/HIL_10_1.fastq.gz,/hpcfs/users/a1667917/Staph_Final_Assemblies/Complete_Assembly_Output/TMP/FASTP/HIL_10_2.fastq.gz
C301,/hpcfs/users/a1667917/Staph_Final_Assemblies/Complete_Assembly_Output/CHROMOSOME/C301.fasta,/hpcfs/users/a1667917/Staph_Final_Assemblies/Complete_Assembly_Output/PLASSEMBLER_FASTAS/C301.fasta,/hpcfs/users/a1667917/Staph_Final_Assemblies/Complete_Assembly_Output/TMP/FASTP/C301_1.fastq.gz,/hpcfs/users/a1667917/Staph_Final_Assemblies/Complete_Assembly_Output/TMP/FASTP/C301_2.fastq.gz
C891,/hpcfs/users/a1667917/Staph_Final_Assemblies/Complete_Assembly_Output/CHROMOSOME/C891.fasta,/hpcfs/users/a1667917/Staph_Final_Assemblies/Complete_Assembly_Output/PLASSEMBLER_FASTAS/C891.fasta,/hpcfs/users/a1667917/Staph_Final_Assemblies/Complete_Assembly_Output/TMP/FASTP/C891_1.fastq.gz,/hpcfs/users/a1667917/Staph_Final_Assemblies/Complete_Assembly_Output/TMP/FASTP/C891_2.fastq.gz
SAV_17,/hpcfs/users/a1667917/Staph_Final_Assemblies/Complete_Assembly_Output/CHROMOSOME/SAV_17.fasta,/hpcfs/users/a1667917/Staph_Final_Assemblies/Complete_Assembly_Output/PLASSEMBLER_FASTAS/SAV_17.fasta,/hpcfs/users/a1667917/Staph_Final_Assemblies/Complete_Assembly_Output/TMP/FASTP/SAV_17_1.fastq.gz,/hpcfs/users/a1667917/Staph_Final_Assemblies/Complete_Assembly_Output/TMP/FASTP/SAV_17_2.fastq.gz
KUD_41,/hpcfs/users/a1667917/Staph_Final_Assemblies/Complete_Assembly_Output/CHROMOSOME/KUD_41.fasta,None,/hpcfs/users/a1667917/Staph_Final_Assemblies/Complete_Assembly_Output/TMP/FASTP/KUD_41_1.fastq.gz,/hpcfs/users/a1667917/Staph_Final_Assemblies/Complete_Assembly_Output/TMP/FASTP/KUD_41_2.fastq.gz
BROC_27,/hpcfs/users/a1667917/Staph_Final_Assemblies/Complete_Assembly_Output/CHROMOSOME/BROC_27.fasta,/hpcfs/users/a1667917/Staph_Final_Assemblies/Complete_Assembly_Output/PLASSEMBLER_FASTAS/BROC_27.fasta,/hpcfs/users/a1667917/Staph_Final_Assemblies/Complete_Assembly_Output/TMP/FASTP/BROC_27_1.fastq.gz,/hpcfs/users/a1667917/Staph_Final_Assemblies/Complete_Assembly_Output/TMP/FASTP/BROC_27_2.fastq.gz
MURR_43,/hpcfs/users/a1667917/Staph_Final_Assemblies/Complete_Assembly_Output/CHROMOSOME/MURR_43.fasta,None,/hpcfs/users/a1667917/Staph_Final_Assemblies/Complete_Assembly_Output/TMP/FASTP/MURR_43_1.fastq.gz,/hpcfs/users/a1667917/Staph_Final_Assemblies/Complete_Assembly_Output/TMP/FASTP/MURR_43_2.fastq.gz
WAT_50,/hpcfs/users/a1667917/Staph_Final_Assemblies/Complete_Assembly_Output/CHROMOSOME/WAT_50.fasta,/hpcfs/users/a1667917/Staph_Final_Assemblies/Complete_Assembly_Output/PLASSEMBLER_FASTAS/WAT_50.fasta,/hpcfs/users/a1667917/Staph_Final_Assemblies/Complete_Assembly_Output/TMP/FASTP/WAT_50_1.fastq.gz,/hpcfs/users/a1667917/Staph_Final_Assemblies/Complete_Assembly_Output/TMP/FASTP/WAT_50_2.fastq.gz
C271,/hpcfs/users/a1667917/Staph_Final_Assemblies/Complete_Assembly_Output/CHROMOSOME/C271.fasta,/hpcfs/users/a1667917/Staph_Final_Assemblies/Complete_Assembly_Output/PLASSEMBLER_FASTAS/C271.fasta,/hpcfs/users/a1667917/Staph_Final_Assemblies/Complete_Assembly_Output/TMP/FASTP/C271_1.fastq.gz,/hpcfs/users/a1667917/Staph_Final_Assemblies/Complete_Assembly_Output/TMP/FASTP/C271_2.fastq.gz
C329,/hpcfs/users/a1667917/Staph_Final_Assemblies/Complete_Assembly_Output/CHROMOSOME/C329.fasta,/hpcfs/users/a1667917/Staph_Final_Assemblies/Complete_Assembly_Output/PLASSEMBLER_FASTAS/C329.fasta,/hpcfs/users/a1667917/Staph_Final_Assemblies/Complete_Assembly_Output/TMP/FASTP/C329_1.fastq.gz,/hpcfs/users/a1667917/Staph_Final_Assemblies/Complete_Assembly_Output/TMP/FASTP/C329_2.fastq.gz
RIC_13,/hpcfs/users/a1667917/Staph_Final_Assemblies/Complete_Assembly_Output/CHROMOSOME/RIC_13.fasta,None,/hpcfs/users/a1667917/Staph_Final_Assemblies/Complete_Assembly_Output/TMP/FASTP/RIC_13_1.fastq.gz,/hpcfs/users/a1667917/Staph_Final_Assemblies/Complete_Assembly_Output/TMP/FASTP/RIC_13_2.fastq.gz
RUDD_14,/hpcfs/users/a1667917/Staph_Final_Assemblies/Complete_Assembly_Output/CHROMOSOME/RUDD_14.fasta,None,/hpcfs/users/a1667917/Staph_Final_Assemblies/Complete_Assembly_Output/TMP/FASTP/RUDD_14_1.fastq.gz,/hpcfs/users/a1667917/Staph_Final_Assemblies/Complete_Assembly_Output/TMP/FASTP/RUDD_14_2.fastq.gz
SAN_16,/hpcfs/users/a1667917/Staph_Final_Assemblies/Complete_Assembly_Output/CHROMOSOME/SAN_16.fasta,None,/hpcfs/users/a1667917/Staph_Final_Assemblies/Complete_Assembly_Output/TMP/FASTP/SAN_16_1.fastq.gz,/hpcfs/users/a1667917/Staph_Final_Assemblies/Complete_Assembly_Output/TMP/FASTP/SAN_16_2.fastq.gz
C867,/hpcfs/users/a1667917/Staph_Final_Assemblies/Complete_Assembly_Output/CHROMOSOME/C867.fasta,/hpcfs/users/a1667917/Staph_Final_Assemblies/Complete_Assembly_Output/PLASSEMBLER_FASTAS/C867.fasta,/hpcfs/users/a1667917/Staph_Final_Assemblies/Complete_Assembly_Output/TMP/FASTP/C867_1.fastq.gz,/hpcfs/users/a1667917/Staph_Final_Assemblies/Complete_Assembly_Output/TMP/FASTP/C867_2.fastq.gz
SCO_60,/hpcfs/users/a1667917/Staph_Final_Assemblies/Complete_Assembly_Output/CHROMOSOME/SCO_60.fasta,None,/hpcfs/users/a1667917/Staph_Final_Assemblies/Complete_Assembly_Output/TMP/FASTP/SCO_60_1.fastq.gz,/hpcfs/users/a1667917/Staph_Final_Assemblies/Complete_Assembly_Output/TMP/FASTP/SCO_60_2.fastq.gz
HYN_11,/hpcfs/users/a1667917/Staph_Final_Assemblies/Complete_Assembly_Output/CHROMOSOME/HYN_11.fasta,/hpcfs/users/a1667917/Staph_Final_Assemblies/Complete_Assembly_Output/PLASSEMBLER_FASTAS/HYN_11.fasta,/hpcfs/users/a1667917/Staph_Final_Assemblies/Complete_Assembly_Output/TMP/FASTP/HYN_11_1.fastq.gz,/hpcfs/users/a1667917/Staph_Final_Assemblies/Complete_Assembly_Output/TMP/FASTP/HYN_11_2.fastq.gz
SMIJ_26,/hpcfs/users/a1667917/Staph_Final_Assemblies/Complete_Assembly_Output/CHROMOSOME/SMIJ_26.fasta,None,/hpcfs/users/a1667917/Staph_Final_Assemblies/Complete_Assembly_Output/TMP/FASTP/SMIJ_26_1.fastq.gz,/hpcfs/users/a1667917/Staph_Final_Assemblies/Complete_Assembly_Output/TMP/FASTP/SMIJ_26_2.fastq.gz
C273,/hpcfs/users/a1667917/Staph_Final_Assemblies/Complete_Assembly_Output/CHROMOSOME/C273.fasta,/hpcfs/users/a1667917/Staph_Final_Assemblies/Complete_Assembly_Output/PLASSEMBLER_FASTAS/C273.fasta,/hpcfs/users/a1667917/Staph_Final_Assemblies/Complete_Assembly_Output/TMP/FASTP/C273_1.fastq.gz,/hpcfs/users/a1667917/Staph_Final_Assemblies/Complete_Assembly_Output/TMP/FASTP/C273_2.fastq.gz
TONK_20,/hpcfs/users/a1667917/Staph_Final_Assemblies/Complete_Assembly_Output/CHROMOSOME/TONK_20.fasta,None,/hpcfs/users/a1667917/Staph_Final_Assemblies/Complete_Assembly_Output/TMP/FASTP/TONK_20_1.fastq.gz,/hpcfs/users/a1667917/Staph_Final_Assemblies/Complete_Assembly_Output/TMP/FASTP/TONK_20_2.fastq.gz
C3,/hpcfs/users/a1667917/Staph_Final_Assemblies/Complete_Assembly_Output/CHROMOSOME/C3.fasta,/hpcfs/users/a1667917/Staph_Final_Assemblies/Complete_Assembly_Output/PLASSEMBLER_FASTAS/C3.fasta,/hpcfs/users/a1667917/Staph_Final_Assemblies/Complete_Assembly_Output/TMP/FASTP/C3_1.fastq.gz,/hpcfs/users/a1667917/Staph_Final_Assemblies/Complete_Assembly_Output/TMP/FASTP/C3_2.fastq.gz
WEB_51,/hpcfs/users/a1667917/Staph_Final_Assemblies/Complete_Assembly_Output/CHROMOSOME/WEB_51.fasta,None,/hpcfs/users/a1667917/Staph_Final_Assemblies/Complete_Assembly_Output/TMP/FASTP/WEB_51_1.fastq.gz,/hpcfs/users/a1667917/Staph_Final_Assemblies/Complete_Assembly_Output/TMP/FASTP/WEB_51_2.fastq.gz
WOOD_23,/hpcfs/users/a1667917/Staph_Final_Assemblies/Complete_Assembly_Output/CHROMOSOME/WOOD_23.fasta,None,/hpcfs/users/a1667917/Staph_Final_Assemblies/Complete_Assembly_Output/TMP/FASTP/WOOD_23_1.fastq.gz,/hpcfs/users/a1667917/Staph_Final_Assemblies/Complete_Assembly_Output/TMP/FASTP/WOOD_23_2.fastq.gz